SKU;Prix;DateActuelle;DateCorrecte;EcartJours;VenteId;OrderId
MAKCHA;229;2026-05-05T07:10:40.360Z;2026-05-03T17:51:08.095Z;1.56;1Ss46zXvtOyPsjkvk6Xcxm0X60EZY_0;zZm8g32BZVSa0rosGcOopURd1PYZY
DISI72;65;2026-05-05T07:20:17.403Z;2026-05-03T16:22:18.055Z;1.62;5MuFntUHFoJ0WAfo4QNFZHaJFRZZY_0;lSKgNL2Fw3dexuJsNSWiKh0Jlm8YY
CAM132;550;2026-05-04T08:22:32.282Z;2026-05-03T11:36:26.978Z;0.87;RCRq61Iz0RAyRqu5h5QF4fqAicSZY_0;d2kTV74edJdOO7Itz3WA47bk3VbZY
MB170;30;2026-05-04T09:41:18.551Z;2026-05-02T16:54:11.895Z;1.70;tWAeNTYK66sUpvR9eTpkiosZmC6YY_0;zPBaPfCz2O951NHRDXWuLD3tBb9YY
BRU116;70;2026-05-04T08:43:25.908Z;2026-05-02T16:13:17.517Z;1.69;Z69PcnW89kJSRBuGQk38qilrn3JZY_0;7VIFHJSab0tpgpQ8QY5tBdj4Yh8YY
MAKDIO;229;2026-05-04T09:38:20.734Z;2026-05-02T12:47:37.637Z;1.87;rz1BTAeM4pxHLDc2KblAA5YdPvUZY_0;5cEvIONNAaCXqRhUzU6BQ2pPmrWZY
PP288;110;2026-05-04T08:51:13.724Z;2026-05-02T12:42:45.780Z;1.84;bVS9ZVgvqLuD6EUy3wDewrEIuCaZY_0;f7mrHIgiHk2cY6njEieftxfSO4UZY
NAN134;55;2026-05-04T07:25:18.883Z;2026-05-02T11:57:04.650Z;1.81;7Nc8Pj8jWPIJIFDDkg5Ecvh9u7HZY_0;DhyIt8l8bf14SqShZRQjEgH1yVZZY
MAKCHA;229;2026-05-03T10:18:36.686Z;2026-05-02T11:30:50.919Z;0.95;pEKhWhuIGcUh2KHCKRtR19NYVGXZY_0;Xb4v5wg7zggq5gstjacHe7jFGnCZY
MAZ104;195;2026-05-04T07:31:24.508Z;2026-05-02T10:29:15.003Z;1.88;9WONEVASfnI8bDzG12PrfPUPMaWZY_0;p25xO19o0tXZoD4x2y17ulWBF4eZY
MB163;58;2026-05-04T09:42:07.585Z;2026-05-02T10:19:25.211Z;1.97;tcVZYUSyLDpBfB5pWyPt1YXp999YY_0;rzJoHoZ8qR489ncxUSdrqbn5cUZZY
BRU129;160;2026-05-03T09:51:14.445Z;2026-05-01T17:46:49.992Z;1.67;haDlFLJbJFqfGc0JSlNSR9Zxu3PZY_0;TBKGTNVoRiNZ9yukuOYsRM7GENNZY
ANA148;75;2026-05-03T10:37:35.129Z;2026-05-01T16:28:30.027Z;1.76;tiaWyUpItUPUp2sv89DjtjTCeW6YY_0;7rXrzCiCsyaOenuPKdhmjmDXAbGZY
MAZ124;45;2026-05-03T08:43:16.894Z;2026-05-01T15:22:32.234Z;1.72;PZTVKneag6Axospzc6c6A1DSXreZY_0;5yFu8jpPKhKAfVldxQy8Cu7degdZY
FRU94;74;2026-05-03T10:14:20.807Z;2026-05-01T15:04:31.444Z;1.80;nfEriabIr0wRJQba6StmAPjWBbFZY_0;52nKqjxGcRvsVrMpJHISNS2VQ06YY
NR25;450;2026-05-03T08:43:18.401Z;2026-05-01T15:03:09.588Z;1.74;PZLHLojDJSEFigRNECxkNvDuXQeZY_2;LHBHRYI3IU5hbLFp4U0hcy7lezFZY
NR25;450;2026-05-03T09:17:21.055Z;2026-05-01T15:03:09.588Z;1.76;Z8EQRmWShyyoBblpjdRWOHpU2UEZY_2;LHBHRYI3IU5hbLFp4U0hcy7lezFZY
NR25;450;2026-05-03T10:07:28.361Z;2026-05-01T15:03:09.588Z;1.79;lmKoKXsqIvET3bjmwwggZz2Y9iRZY_2;LHBHRYI3IU5hbLFp4U0hcy7lezFZY
NR25;450;2026-05-03T10:17:35.464Z;2026-05-01T15:03:09.588Z;1.80;p4w5fLNFhV7tHnnyPhl6GXUIdTCZY_2;LHBHRYI3IU5hbLFp4U0hcy7lezFZY
PP329;115;2026-05-03T10:29:27.822Z;2026-05-01T15:03:09.588Z;1.81;rhKaeXYPJ5nK6sGZqIv1iPgBiJCZY_0;LHBHRYI3IU5hbLFp4U0hcy7lezFZY
PP290;110;2026-05-03T10:29:28.339Z;2026-05-01T15:03:09.588Z;1.81;rhKaeXYPJ5nK6sGZqIv1iPgBiJCZY_1;LHBHRYI3IU5hbLFp4U0hcy7lezFZY
NR25;450;2026-05-03T10:29:28.776Z;2026-05-01T15:03:09.588Z;1.81;rhKaeXYPJ5nK6sGZqIv1iPgBiJCZY_2;LHBHRYI3IU5hbLFp4U0hcy7lezFZY
BRI8;14.99;2026-05-03T09:38:07.577Z;2026-05-01T14:21:14.205Z;1.80;dqoDhFPaskbb9LXqzlcKl2HJVJUZY_0;vJvm91kegVgsoK8oEVSozPGb0vPZY
IP24_BO08;60;2026-05-03T09:33:25.117Z;2026-05-01T14:20:31.182Z;1.80;dI1A0HjsFkxNl0nIhDqu3wqFF4PZY_0;f1xco6A2UNxpyEnO3iOhiBQyzKMZY
;229;2026-05-03T08:01:28.497Z;2026-05-01T14:18:49.964Z;1.74;F4nWS1CzKEekmBe9AMIPmNMoVt6YY_0;twPEBXGVjJN3b3HL8rlofqUYGpUZY
MB155;38;2026-05-03T08:43:30.884Z;2026-05-01T13:32:53.201Z;1.80;PfSXyu6yPWweF53xSqB0D6qHILWZY_0;rZoWHGZSFEVuPYekSH8pXVBTPBEZY
ANA178;155;2026-05-03T09:01:17.429Z;2026-05-01T13:31:55.753Z;1.81;TxKzkmKvmmfjZcgASn7f293GcsGZY_0;5CputTnuSYVQchZCXkMzGoWYCMVZY
MAZ112;65;2026-05-03T09:28:07.818Z;2026-05-01T13:20:41.221Z;1.84;bXR2sOnmJlLv0O1r0jZ8BLjOQrMZY_0;HRhCYOdPBWQDFfqPEvWJ31J6FI8YY
MB160;30;2026-05-03T10:03:31.202Z;2026-05-01T13:01:39.227Z;1.88;lEN2OaZ3nQ7mZw2TWZmt4MDLAVOZY_0;H72gLSgb5iGM8gHGqsg8Vg9NYAcZY
MIS103;150;2026-05-03T09:59:14.680Z;2026-05-01T12:13:36.011Z;1.91;jdYLzLwwU9rdXlPu9MsmybG50RWZY_0;Hl3goInEBFjwkj6dwxymGVAejhTZY
COZ176;120;2026-05-02T07:57:27.379Z;2026-05-01T11:51:27.802Z;0.84;xc4pRTxNw1uZoa36sOIzIcdr1XEZY_0;DB057NFJxiQIVR4OMhpipBUzDNQZY
TDO53;80;2026-05-02T07:33:33.390Z;2026-05-01T10:29:31.119Z;0.88;VW4dymJu0D7Bw2lDxcrElf3FAzaZY_0;VCSEiovFla3alcztWabAMqsobSHZY
AGE130;109;2026-05-02T07:43:17.400Z;2026-05-01T10:03:41.879Z;0.90;h6jJVC6iHKguMykLvvX3fjm8srLZY_0;JoyF8a5yhqB52U3cbirJZfUa7xLZY
MAZ121;70;2026-05-03T08:22:10.265Z;2026-05-01T09:43:28.346Z;1.94;JkyxoUMChUxgKbhWcuKsMHRK1yaZY_0;pe3MdFGdlkJjzdxNW1aX0y3FcwCZY
NAN173;90;2026-05-03T07:15:18.566Z;2026-04-30T15:17:40.056Z;2.67;1whxbACw1MhJu031HAwbbKnmiVaZY_0;71UxWN8DqUu5dEWIzi0VvfwYnzTZY
NAN176;55;2026-05-03T07:15:19.008Z;2026-04-30T15:17:40.056Z;2.67;1whxbACw1MhJu031HAwbbKnmiVaZY_1;71UxWN8DqUu5dEWIzi0VvfwYnzTZY
PP194;60;2026-05-03T07:15:19.474Z;2026-04-30T15:17:40.056Z;2.67;1whxbACw1MhJu031HAwbbKnmiVaZY_2;71UxWN8DqUu5dEWIzi0VvfwYnzTZY
PP293;120;2026-05-03T07:15:19.911Z;2026-04-30T15:17:40.056Z;2.67;1whxbACw1MhJu031HAwbbKnmiVaZY_3;71UxWN8DqUu5dEWIzi0VvfwYnzTZY
PV24;140;2026-05-03T07:15:20.335Z;2026-04-30T15:17:40.056Z;2.67;1whxbACw1MhJu031HAwbbKnmiVaZY_4;71UxWN8DqUu5dEWIzi0VvfwYnzTZY
DISI78;60;2026-05-03T10:28:22.192Z;2026-04-30T14:50:21.831Z;2.82;rVKF4S4pBVpSFiDbR4GkAZoVJ6ZZY_0;fJppxP9O5CCelBBmdjn4aHKUn27YY
IP24_BO02;60;2026-05-03T10:28:22.875Z;2026-04-30T14:50:21.831Z;2.82;rVKF4S4pBVpSFiDbR4GkAZoVJ6ZZY_1;fJppxP9O5CCelBBmdjn4aHKUn27YY
DISI12;75;2026-05-02T07:09:22.334Z;2026-04-30T13:01:35.482Z;1.76;1sL1mk9fdSNAoGLcBSvxQ4OER1WZY_0;7189EOsLtj96iU3DMh66WBdTsR8YY
DISI20;75;2026-05-02T07:09:22.827Z;2026-04-30T13:01:35.482Z;1.76;1sL1mk9fdSNAoGLcBSvxQ4OER1WZY_1;7189EOsLtj96iU3DMh66WBdTsR8YY
AIM93;185;2026-05-03T10:44:34.723Z;2026-04-30T12:33:20.369Z;2.92;vdTCRufRZlRuEPoRkgfYGiXTjSCZY_0;jt6nMh7SwrWMORoKgOgMdH132oaZY
PRI92;295;2026-05-03T10:44:35.191Z;2026-04-30T12:33:20.369Z;2.92;vdTCRufRZlRuEPoRkgfYGiXTjSCZY_1;jt6nMh7SwrWMORoKgOgMdH132oaZY
DV127;255;2026-05-03T07:47:32.547Z;2026-04-30T11:53:36.470Z;2.83;BE6y7geTkjUtUu3f2uC4okOxTFIZY_0;ho6adHHBSKfIii76RNWiJIXGVlSZY
PS188;308;2026-05-03T07:47:33.005Z;2026-04-30T11:53:36.470Z;2.83;BE6y7geTkjUtUu3f2uC4okOxTFIZY_1;ho6adHHBSKfIii76RNWiJIXGVlSZY
BRU163;58;2026-05-03T07:47:33.431Z;2026-04-30T11:53:36.470Z;2.83;BE6y7geTkjUtUu3f2uC4okOxTFIZY_2;ho6adHHBSKfIii76RNWiJIXGVlSZY
BRU132;165;2026-05-03T07:57:24.917Z;2026-04-30T11:41:38.316Z;2.84;DX3oX5eurwaP2FmUx0tpKuIJRODZY_0;1aAH7DcRz9DTk770QahWC7bcMLAZY
MAZ86;85;2026-05-02T07:46:08.136Z;2026-04-30T10:51:15.232Z;1.87;jhQ0QgDhwOJ0SgzRaMOgG11sRnHZY_0;dg5zNzeET6PlkXONxB1iRx4cTdRZY
AGE101;155;2026-05-03T07:49:20.744Z;2026-04-30T10:45:54.201Z;2.88;BS5Iqjji8dyx9hIWULq6m5p8YSVZY_0;n9NJgy81Pdfbjj5lXCsxcgNyHKcZY
MAKCHA;229;2026-05-01T08:43:31.123Z;2026-04-29T16:54:56.815Z;1.66;pQA1qg889j6BglIJhl5uUvtyeUJZY_0;xiNvLiKwsiiiXkxeLtJ4xChCpkZZY
MAKCHA;229;2026-05-01T09:01:25.025Z;2026-04-29T16:54:56.815Z;1.67;z7Vsl8Nzhb1Qe7F3THtolP3Ng1QZY_0;xiNvLiKwsiiiXkxeLtJ4xChCpkZZY
MAKCHA;229;2026-05-01T08:01:12.077Z;2026-04-29T16:52:50.245Z;1.63;TBOzdQBo4BtMbSbKKzWuKAqdhkJZY_0;Zo2vBFk1UGXge8WXrbw4G44F8mXZY
ST240;49;2026-05-01T07:56:17.413Z;2026-04-29T14:50:12.811Z;1.71;PvWrJKTBDWsHraMRqy4tQWM88UMZY_0;3bWQGhtIw79vncbM73p6yYflTBdZY
PP258;85;2026-05-01T07:11:36.580Z;2026-04-29T14:32:47.157Z;1.69;3HuEkiGOt1nTB4G85HYDuI7pKIQZY_0;BI4jordEjhTopFSwKIf4gHLNaZFZY
MIS119;75;2026-05-01T08:33:23.888Z;2026-04-29T14:29:30.060Z;1.75;jnZNFhxCRG8T7jlxzMiSY3uHD77YY_0;5EUzRlNRod66CecxMRfbAt0VchOZY
MIS115;110;2026-05-01T08:33:24.319Z;2026-04-29T14:29:30.060Z;1.75;jnZNFhxCRG8T7jlxzMiSY3uHD77YY_1;5EUzRlNRod66CecxMRfbAt0VchOZY
BRU184;80;2026-05-01T07:17:38.151Z;2026-04-29T13:30:16.856Z;1.74;5q9JH8gCToXhXBD2KcQcoGjRJPTZY_0;JqFk3cW1XOg4byPAPf7WhJGct9UZY
MB84;49;2026-05-01T07:08:20.063Z;2026-04-29T13:13:48.549Z;1.75;1Ilv4qYxjerNdFw2lFcEE5jbaSXZY_0;nXQc8SsfA0IXeT2C0VlnzQMoivTZY
MB135;30;2026-05-01T07:08:20.511Z;2026-04-29T13:13:48.549Z;1.75;1Ilv4qYxjerNdFw2lFcEE5jbaSXZY_1;nXQc8SsfA0IXeT2C0VlnzQMoivTZY
;72;2026-04-30T20:48:30.798Z;2026-04-29T11:48:05.132Z;1.38;J2Bi3GZkChYGysaqL6qnHZ1cbWKZY_0;VaMPYQSSswwMhv6VUBTIUFR93wFZY
DISI37;65;2026-05-01T08:56:34.789Z;2026-04-29T10:42:39.309Z;1.93;vviVVQxeXykT0CpvW7m6akPS7VRZY_0;vlbZxkraHlPNfEvCR0b2x74IQxAZY
AIM124;95;2026-05-01T08:56:35.209Z;2026-04-29T10:42:39.309Z;1.93;vviVVQxeXykT0CpvW7m6akPS7VRZY_1;vlbZxkraHlPNfEvCR0b2x74IQxAZY
AIM122;165;2026-05-01T08:56:35.637Z;2026-04-29T10:42:39.309Z;1.93;vviVVQxeXykT0CpvW7m6akPS7VRZY_2;vlbZxkraHlPNfEvCR0b2x74IQxAZY
DICL11;69;2026-05-01T07:41:15.553Z;2026-04-29T10:34:31.993Z;1.88;HvW2BD1G8SdVhM3NRpixyl4ZSSOZY_0;jXbNERVY5Ue1mOkp1LDOLQhqxO6YY
DISI48;50;2026-05-01T07:41:15.965Z;2026-04-29T10:34:31.993Z;1.88;HvW2BD1G8SdVhM3NRpixyl4ZSSOZY_1;jXbNERVY5Ue1mOkp1LDOLQhqxO6YY
BRI11;29.98;2026-05-01T07:41:16.390Z;2026-04-29T10:34:31.993Z;1.88;HvW2BD1G8SdVhM3NRpixyl4ZSSOZY_2;jXbNERVY5Ue1mOkp1LDOLQhqxO6YY
PP204;210;2026-05-01T08:20:32.259Z;2026-04-29T10:31:41.863Z;1.91;dSKaR3gaRtgsijJHP84wb9Hcrz5YY_0;zRINLTR7mwBDGllejESh5YRpf4OZY
CAM121;450;2026-04-30T21:05:32.419Z;2026-04-28T12:30:18.377Z;2.36;RynXPuN9Y1UaL6VNCgxbI3kBT5XZY_0;lqm01oEzfF388qaJOBfnDdHyo2aZY
AGE127;255;2026-04-29T08:26:26.703Z;2026-04-28T11:30:16.625Z;0.87;pwM3sS3HMvvTlzjbcb6xTgy9cjYZY_0;TvbrzPdauqfTAVoSqRt9iSfOtU6YY
PP332;145;2026-04-30T21:04:23.273Z;2026-04-28T10:54:49.416Z;2.42;Ra98DLfwrB0AL8pxwdA53nGJ1jIZY_0;L5OXcIGNOeLIfxRPTAC1zyDLwXdZY
NR19;390;2026-04-29T07:49:10.502Z;2026-04-28T10:51:46.225Z;0.87;RedX7eQUFZ9ZSTHBm6iOVjnoRBSZY_0;XdHsmZ8oV6LOfVafhdqlDuGNCDbZY
PP313;110;2026-04-29T07:43:18.163Z;2026-04-27T14:57:20.961Z;1.70;Nm80xLtBJT7AM0QSRywWWROyC6YZY_0;BirCYov4KW4mUy3EWbQTsFZfTjWZY
BRI10;14.99;2026-04-29T07:36:12.975Z;2026-04-27T13:13:06.126Z;1.77;JS51IDBiZzgGAFwBM8OCFYSOdXZZY_0;33eVQwh1zY5mPDitRNBMsYJDkgFZY
PS100;6000;2026-04-29T07:46:30.661Z;2026-04-27T12:11:01.266Z;1.82;PtFRy9w0CIzc5nfYFUmNDt9L2FJZY_0;1obZHPUKeUr8ar6f7t2ys5Xy8K6YY
PS116;198;2026-04-29T07:25:07.274Z;2026-04-27T10:36:52.296Z;1.87;BqpeSKTPuBpXEWzqzVT96RzaErRZY_0;TvP3olNGWJ8TQqUpEQcgV2hG3pKZY
TDO59;65;2026-04-29T08:27:28.591Z;2026-04-27T10:35:50.353Z;1.91;rN2nV66d4AHNYs3DluPf6qYuJBEZY_0;RwmkPc2wQdrc0Cwli1i5nMSD8U8YY
IP24_CO23;90;2026-04-29T08:27:29.227Z;2026-04-27T10:35:50.353Z;1.91;rN2nV66d4AHNYs3DluPf6qYuJBEZY_1;RwmkPc2wQdrc0Cwli1i5nMSD8U8YY
NAN171;80;2026-04-29T08:27:29.444Z;2026-04-27T10:35:50.353Z;1.91;rN2nV66d4AHNYs3DluPf6qYuJBEZY_2;RwmkPc2wQdrc0Cwli1i5nMSD8U8YY
MB159;79;2026-04-28T08:21:37.702Z;2026-04-26T17:37:30.635Z;1.61;d6IbB6dTfcrjLnAzZ5jUNzFtVQfZY_0;7jV22FkUylvKpDSU9W2MjBgf4eJZY
DISI73;55;2026-04-28T07:25:16.735Z;2026-04-26T15:11:05.541Z;1.68;9eY8id857N4sgcWQ7Z2KPidoRKeZY_0;X1jgyujbAQHB91zQdifqyYJDFUBZY
NAN180;75;2026-04-28T09:04:11.737Z;2026-04-26T13:39:40.992Z;1.81;xm516imB14LtYsC02NqeEsVD87eZY_0;T9k0P9s6ZQTYyb5ADThVoyGZ2HJZY
MAZ116;75;2026-04-28T07:31:39.397Z;2026-04-26T11:19:15.305Z;1.84;DLT7w5AKG0qVePhRQYXgesjC10BZY_0;LX9re84XePaSuF2uS8fQhzV12hVZY
AIM67;175;2026-04-27T08:25:08.636Z;2026-04-26T10:00:19.627Z;0.93;RGTczpmneqPUcUJkFbTkVrMdvvKZY_0;nfgOiYrfUpMWU6gWBVEPx6bJux7YY
MB147;32;2026-04-27T08:14:29.935Z;2026-04-26T09:18:35.044Z;0.96;NUbmeSD9Zf6O2hHsvPKOMkquByfZY_0;tSefPf8ATOBWXHYbiksHUB5Wy5aZY
NR106;120;2026-04-27T07:09:13.821Z;2026-04-25T15:24:13.710Z;1.66;1KYwEoLJFKTtFNcNYUAbP7fR5pIZY_0;XhlyM6IVNmbyJHOn3dyRb90GFGFZY
NR106;120;2026-04-27T09:17:16.378Z;2026-04-25T15:24:13.710Z;1.75;jFQfo9s5TLYI5Z3LSlJ0tnw8gD6YY_0;XhlyM6IVNmbyJHOn3dyRb90GFGFZY
MAKCHA;229;2026-04-27T09:24:17.753Z;2026-04-25T15:20:50.594Z;1.75;lQ51GDdfFN44JMvAU2rS5rlKImEZY_0;xab6QGjsDQuMC32lNaIfsl3WsL8YY
PP323;110;2026-04-27T07:12:04.520Z;2026-04-25T15:15:32.759Z;1.66;1onAOHsFUCc6CfwfXOUgMlWsx6CZY_0;l2WptWXIDCTYuOa95o6s3vdL0tAZY
;80;2026-04-27T07:12:04.901Z;2026-04-25T15:15:32.759Z;1.66;1onAOHsFUCc6CfwfXOUgMlWsx6CZY_1;l2WptWXIDCTYuOa95o6s3vdL0tAZY
IP56;50;2026-04-27T07:21:28.117Z;2026-04-25T14:58:40.410Z;1.68;5U4igTAfD1ESjVcBo7A2tSp9mJZZY_0;BivMcqooMn2QiD3llnAZ451dPqWZY
AGE86;255;2026-04-27T09:35:08.194Z;2026-04-25T14:52:40.385Z;1.78;pEezA8ItrN6ICkPGIEgilBZlmVVZY_0;BsmfNy1kB5kjDJyO6TUx3K8kdFcZY
DM376;65;2026-04-27T09:35:09.349Z;2026-04-25T14:52:40.385Z;1.78;pEezA8ItrN6ICkPGIEgilBZlmVVZY_1;BsmfNy1kB5kjDJyO6TUx3K8kdFcZY
DISI51;65;2026-04-27T09:35:09.850Z;2026-04-25T14:52:40.385Z;1.78;pEezA8ItrN6ICkPGIEgilBZlmVVZY_2;BsmfNy1kB5kjDJyO6TUx3K8kdFcZY
MAZ98;75;2026-04-27T09:35:10.281Z;2026-04-25T14:52:40.385Z;1.78;pEezA8ItrN6ICkPGIEgilBZlmVVZY_3;BsmfNy1kB5kjDJyO6TUx3K8kdFcZY
MB137;40;2026-04-27T08:04:23.084Z;2026-04-25T14:31:32.352Z;1.73;JoA7KyryBhzw0Df3zYh5HkVo6i6YY_0;Jy9YeFQ1qLf1MuMvO1blAL3LqrdZY
MB156;59;2026-04-27T08:33:14.154Z;2026-04-25T13:40:46.383Z;1.79;TfL049E0gryj5BCxLvCivZ9Mp2HZY_0;9cReOD3J7P9DDLERV4P6rV5MAWTZY
MAKBAL;229;2026-04-27T07:19:10.660Z;2026-04-25T12:31:07.938Z;1.78;525gXNyRI07jsGd0UcfiV0xmzRBZY_0;DZKqZdpEjs4LYlgyPAwfeAZBv76YY
CAM5;225;2026-04-27T07:54:20.068Z;2026-04-25T12:14:40.321Z;1.82;H5LyhmtwyDLlh7RgnswwvicuQ6XZY_0;35HDlyUei3oVUaBOqlt4HtO7gtPZY
MAZ81;65;2026-04-27T07:49:24.629Z;2026-04-25T12:02:00.207Z;1.82;FEHpJpxvYSjl0ggqATKP7W5QyEDZY_0;hsQ2QYxtvIMUK3itcSUaXd2c96cZY
MAKDIO;229;2026-04-27T08:29:22.528Z;2026-04-25T12:00:49.498Z;1.85;T1MVlW0OTKFaWL2tZ3ukFRftyucZY_0;XJ1wyFSZtJ8PuXJdWwBrQ8Rrk7eZY
NAN139;65;2026-04-27T08:53:29.124Z;2026-04-25T11:48:49.207Z;1.88;bFIs7SCsGbYABgeD1KStveNd1TBZY_0;l8BBxFqhZQzsTJ8v6LvDHPaDjWNZY
FRU120;69;2026-04-27T08:41:25.798Z;2026-04-25T11:20:02.712Z;1.89;X5FNvQyKePcjlY8w4aXA4XWCMBgZY_0;7R02eYtZvY6Z0do6NNHkba2227KZY
NAN87;50;2026-04-27T08:41:26.213Z;2026-04-25T11:20:02.712Z;1.89;X5FNvQyKePcjlY8w4aXA4XWCMBgZY_1;7R02eYtZvY6Z0do6NNHkba2227KZY
FRU114;64;2026-04-26T08:08:26.953Z;2026-04-24T17:15:23.131Z;1.62;PXqZ0WyRfpCMLLtLaQEjhQ04pdUZY_0;PbkGA1TaY8pWvAndjgISa4LXyIAZY
PP277;120;2026-04-26T08:37:37.159Z;2026-04-24T16:52:01.329Z;1.66;bbz8Twhso0p7pHffvAf8MgpglYSZY_0;hWJwWXIrWbZZFnWGLhQwyGOLCoOZY
PV74;140;2026-04-26T08:26:28.536Z;2026-04-24T16:21:43.889Z;1.67;XFh6a7PA3t3Z5uUxMrlH1ynN2IYZY_0;vPekHiZ51buQwHzEXpCuyrRZ2ZOZY
PP222;210;2026-04-26T08:44:33.873Z;2026-04-24T16:21:09.707Z;1.68;f1P47nNzTsB1jUCG6HdohPrTtWOZY_0;56lsCyl9vHfPE43cB42luNNJHwJZY
EQU99;20;2026-04-26T07:11:12.404Z;2026-04-24T16:20:10.740Z;1.62;1oziYH5lPIH7m2S2h7odeWF2KIbZY_0;z92TsdtVqNAdQyqUmB7GEKkrunaZY
DISI41;75;2026-04-26T09:30:22.753Z;2026-04-24T15:38:40.343Z;1.74;xIMgDOxYYO6SU5QDSDx4SMfbLROZY_0;tq27AQHAcfpt1wjADVX4Iqf7fYRZY
NAN187;80;2026-04-26T09:30:23.672Z;2026-04-24T15:38:40.343Z;1.74;xIMgDOxYYO6SU5QDSDx4SMfbLROZY_1;tq27AQHAcfpt1wjADVX4Iqf7fYRZY
MAKDIO;458;2026-04-26T09:20:26.672Z;2026-04-24T15:32:37.205Z;1.74;tGyFU65dxfD35G6aYY0Z6PmpTWEZY_0;TxQBFP8vDzkZFUFmfvXtYLKubZHZY
NAN159;80;2026-04-26T08:25:31.395Z;2026-04-24T13:58:01.147Z;1.77;X3E34SQObTEgeH6YKOUMfaixlMfZY_0;BevrTw9gLsk2PyatTLGHGyw25RGZY
DISI79;70;2026-04-26T07:13:32.329Z;2026-04-24T13:22:04.316Z;1.74;3RHugwy1azIuWRfyGue8EGNPYEKZY_0;FY9WehRYhswuwoI63yPUuWKShWfZY
PP244;60;2026-04-26T07:57:14.543Z;2026-04-24T13:16:22.217Z;1.78;LF2f4p2mlvBhUusbUdHO2dQCwILZY_0;DF2xJwSNceOhJ7pYPx2K38Y6ZrKZY
MIS91;210;2026-04-26T08:39:31.001Z;2026-04-24T12:23:04.590Z;1.84;bzVrPjUEl46iOcMS2dmWS8WGynVZY_0;tA9Run4jfrUf5T3GPeoZytVUdU9YY
MAKCHA;229;2026-04-26T07:59:29.649Z;2026-04-24T12:17:01.711Z;1.82;LjzErN7m9CZewJ8YVilIaMGGM7CZY_0;jDxb3NIJEPBxVpmTOvkI2th8S6XZY
DISI55;55;2026-04-26T08:32:37.702Z;2026-04-24T12:13:30.547Z;1.85;ZafObv7WhpX7qylnFZKwQS8qxVOZY_0;V2SxFlcthsaJPxAISiumMspFdpBZY
MAZ79;175;2026-04-26T08:32:38.129Z;2026-04-24T12:13:30.547Z;1.85;ZafObv7WhpX7qylnFZKwQS8qxVOZY_1;V2SxFlcthsaJPxAISiumMspFdpBZY
MB158;39;2026-04-26T09:35:24.078Z;2026-04-24T12:08:07.279Z;1.89;zLXV1VXglXbjTQRuCEjZlZ60RbFZY_0;N6ufqXGwidxItn7Hp95kdYDptJaZY
BRU170;94;2026-04-26T09:35:24.853Z;2026-04-24T12:08:07.279Z;1.89;zLXV1VXglXbjTQRuCEjZlZ60RbFZY_1;N6ufqXGwidxItn7Hp95kdYDptJaZY
COZ89;90;2026-04-26T09:35:25.310Z;2026-04-24T12:08:07.279Z;1.89;zLXV1VXglXbjTQRuCEjZlZ60RbFZY_2;N6ufqXGwidxItn7Hp95kdYDptJaZY
DISI76;55;2026-04-26T07:19:20.769Z;2026-04-24T11:26:01.859Z;1.83;5Ywv91cTzMJGarIZXwZMlN3JfRBZY_0;BGrxSpUvAqXmBP6jBQAzryB1PHRZY
DISI65;70;2026-04-26T07:29:32.018Z;2026-04-24T11:24:41.529Z;1.84;9eg6bRZORsA27Rol39qwCmcdxyWZY_0;b9CcTvVN80rABQt7dqpxSWjzZTAZY
MAZ123;55;2026-04-26T07:49:20.092Z;2026-04-24T11:04:46.206Z;1.86;Hfe0qw02Z2Yb2LiyVaVMYR2ittUZY_0;pyn9s9evCJVAhDg2RQLB9FoMjJKZY
BRU175;98;2026-04-25T07:29:30.332Z;2026-04-24T11:03:07.835Z;0.85;DZi9hqwjZZCnQqNF8XPbiVkVJC8YY_0;dkr5W2Rfp5EPkRxiyUDB2xiVbv8YY
BRU179;70;2026-04-25T07:29:30.795Z;2026-04-24T11:03:07.835Z;0.85;DZi9hqwjZZCnQqNF8XPbiVkVJC8YY_1;dkr5W2Rfp5EPkRxiyUDB2xiVbv8YY
AIM128;135;2026-04-26T09:04:11.663Z;2026-04-24T10:09:06.580Z;1.95;lucVFdvvJATXAJa8E2d15IAwBCGZY_0;9CybdttkJeqP6STzqY8ixMusG5dZY
PS154;1567.5;2026-04-24T07:55:10.678Z;2026-04-23T17:56:10.590Z;0.58;7rh7B1FsgxqtKDWUrPu6KXh6DRZZY_0;5gyjLqydS2oSHK9EORoWxCWyJxEZY
MAZ70;55;2026-04-25T07:47:21.618Z;2026-04-23T15:59:47.283Z;1.66;NkzWaEM6j18uREtxc0jNcI5bNHTZY_0;t0vpUpBnDP3N0ydIIQeriH0E28bZY
AIM118;90;2026-04-25T07:47:22.048Z;2026-04-23T15:59:47.283Z;1.66;NkzWaEM6j18uREtxc0jNcI5bNHTZY_1;t0vpUpBnDP3N0ydIIQeriH0E28bZY
PP206;120;2026-04-25T07:47:22.479Z;2026-04-23T15:59:47.283Z;1.66;NkzWaEM6j18uREtxc0jNcI5bNHTZY_2;t0vpUpBnDP3N0ydIIQeriH0E28bZY
MAKCHA;229;2026-04-25T07:07:18.215Z;2026-04-23T15:11:50.352Z;1.66;12yOo3Lkg30BNaseWRvNEpQwNNKZY_0;7h2HKJ5v2x85kOGVTzzMYKaJkeeZY
MAKFEN;229;2026-04-25T08:46:11.443Z;2026-04-23T15:05:57.010Z;1.74;x0AdWyA8CrJ6qvEg2XVRtAXi63ZZY_0;9KweSUSRTQP12wrqiscFApgDtSQZY
ST115;40;2026-04-25T08:11:25.679Z;2026-04-23T14:07:47.350Z;1.75;btOb64i5GOcjo4af0XSzEBbHcvbZY_0;BoCoCgEdpOLdY31qJznjnPk6BNTZY
NAN186;65;2026-04-24T09:23:21.375Z;2026-04-23T11:21:41.939Z;0.92;LxYn1XI35eghaPxSpWf6P03DkNPZY_0;VqoNshoWRLo5fbwRXg1apgNo6UPZY
NAN179;55;2026-04-24T09:23:21.805Z;2026-04-23T11:21:41.939Z;0.92;LxYn1XI35eghaPxSpWf6P03DkNPZY_1;VqoNshoWRLo5fbwRXg1apgNo6UPZY
DM362;38;2026-04-25T07:12:12.963Z;2026-04-23T10:46:34.849Z;1.85;3TmjtDpOJDl4VRVQHWhG1zrPShfZY_0;NEVKdAx8Sp7gaVIZtAC5KmNPAFGZY
DICL1;124;2026-04-25T07:12:13.400Z;2026-04-23T10:46:34.849Z;1.85;3TmjtDpOJDl4VRVQHWhG1zrPShfZY_1;NEVKdAx8Sp7gaVIZtAC5KmNPAFGZY
IP177;80;2026-04-24T12:50:27.530Z;2026-04-22T17:50:52.258Z;1.79;tcJ1rxMQXhhcqk47xEcEUYNF0ONZY_0;fNDJnRHI7bV6s52jIXZSMG4A6CKZY
COZ143;220;2026-04-24T12:50:27.972Z;2026-04-22T17:50:52.258Z;1.79;tcJ1rxMQXhhcqk47xEcEUYNF0ONZY_1;fNDJnRHI7bV6s52jIXZSMG4A6CKZY
PS165;1375;2026-04-24T12:50:31.817Z;2026-04-22T17:50:52.258Z;1.79;tcJ1rxMQXhhcqk47xEcEUYNF0ONZY_10;fNDJnRHI7bV6s52jIXZSMG4A6CKZY
MAKDIO;229;2026-04-24T12:50:32.546Z;2026-04-22T17:50:52.258Z;1.79;tcJ1rxMQXhhcqk47xEcEUYNF0ONZY_11;fNDJnRHI7bV6s52jIXZSMG4A6CKZY
AIM135;465;2026-04-24T12:50:32.859Z;2026-04-22T17:50:52.258Z;1.79;tcJ1rxMQXhhcqk47xEcEUYNF0ONZY_12;fNDJnRHI7bV6s52jIXZSMG4A6CKZY
DM430;120;2026-04-24T12:50:33.268Z;2026-04-22T17:50:52.258Z;1.79;tcJ1rxMQXhhcqk47xEcEUYNF0ONZY_13;fNDJnRHI7bV6s52jIXZSMG4A6CKZY
DV145;320;2026-04-24T12:50:33.677Z;2026-04-22T17:50:52.258Z;1.79;tcJ1rxMQXhhcqk47xEcEUYNF0ONZY_14;fNDJnRHI7bV6s52jIXZSMG4A6CKZY
PS156;3520;2026-04-24T12:50:34.089Z;2026-04-22T17:50:52.258Z;1.79;tcJ1rxMQXhhcqk47xEcEUYNF0ONZY_15;fNDJnRHI7bV6s52jIXZSMG4A6CKZY
IP25_CO03;190;2026-04-24T12:50:34.498Z;2026-04-22T17:50:52.258Z;1.79;tcJ1rxMQXhhcqk47xEcEUYNF0ONZY_16;fNDJnRHI7bV6s52jIXZSMG4A6CKZY
PS110;2915;2026-04-24T12:50:34.906Z;2026-04-22T17:50:52.258Z;1.79;tcJ1rxMQXhhcqk47xEcEUYNF0ONZY_17;fNDJnRHI7bV6s52jIXZSMG4A6CKZY
DICL8;85;2026-04-24T12:50:35.325Z;2026-04-22T17:50:52.258Z;1.79;tcJ1rxMQXhhcqk47xEcEUYNF0ONZY_18;fNDJnRHI7bV6s52jIXZSMG4A6CKZY
COZ158;350;2026-04-24T12:50:28.405Z;2026-04-22T17:50:52.258Z;1.79;tcJ1rxMQXhhcqk47xEcEUYNF0ONZY_2;fNDJnRHI7bV6s52jIXZSMG4A6CKZY
IP25_CO05;120;2026-04-24T12:50:28.816Z;2026-04-22T17:50:52.258Z;1.79;tcJ1rxMQXhhcqk47xEcEUYNF0ONZY_3;fNDJnRHI7bV6s52jIXZSMG4A6CKZY
IP24_BO08;60;2026-04-24T12:50:29.232Z;2026-04-22T17:50:52.258Z;1.79;tcJ1rxMQXhhcqk47xEcEUYNF0ONZY_4;fNDJnRHI7bV6s52jIXZSMG4A6CKZY
IP98;120;2026-04-24T12:50:29.683Z;2026-04-22T17:50:52.258Z;1.79;tcJ1rxMQXhhcqk47xEcEUYNF0ONZY_5;fNDJnRHI7bV6s52jIXZSMG4A6CKZY
IP24_CO12;80;2026-04-24T12:50:30.293Z;2026-04-22T17:50:52.258Z;1.79;tcJ1rxMQXhhcqk47xEcEUYNF0ONZY_6;fNDJnRHI7bV6s52jIXZSMG4A6CKZY
IP25_CO15;150;2026-04-24T12:50:30.501Z;2026-04-22T17:50:52.258Z;1.79;tcJ1rxMQXhhcqk47xEcEUYNF0ONZY_7;fNDJnRHI7bV6s52jIXZSMG4A6CKZY
IP204;190;2026-04-24T12:50:30.962Z;2026-04-22T17:50:52.258Z;1.79;tcJ1rxMQXhhcqk47xEcEUYNF0ONZY_8;fNDJnRHI7bV6s52jIXZSMG4A6CKZY
BRU166;185;2026-04-24T12:50:31.376Z;2026-04-22T17:50:52.258Z;1.79;tcJ1rxMQXhhcqk47xEcEUYNF0ONZY_9;fNDJnRHI7bV6s52jIXZSMG4A6CKZY
;70;2026-04-24T10:09:26.033Z;2026-04-22T16:47:46.245Z;1.72;TfbCrF2Jo1W7TvzVyS4GcGRy1PVZY_0;lcZvKrSHqvGV4oaxdmNLaVgCPqCZY
PV36;270;2026-04-24T10:48:26.512Z;2026-04-22T14:46:53.139Z;1.83;ZoyOcD20f9UkzADHB6jayqDYHkaZY_0;pGVb8SSIPQiOkgfvqBPTJopiWnPZY
COZ167;220;2026-04-24T13:26:29.189Z;2026-04-22T13:22:36.704Z;2.00;zVM3EuroOyknc4c9bHFLeswP9zPZY_0;TvfDyFfcMymBamMiTwQ1ZyrDJaUZY
206;60;2026-04-24T13:26:30.287Z;2026-04-22T13:22:36.704Z;2.00;zVM3EuroOyknc4c9bHFLeswP9zPZY_1;TvfDyFfcMymBamMiTwQ1ZyrDJaUZY
MAKCHA;229;2026-04-24T07:27:34.056Z;2026-04-22T12:27:51.719Z;1.79;3h5xhrjaUfPDvQmk1oDphyK1z1OZY_0;bpmXzmRjqbkeFLiKp50Zcy0qZeCZY
FRU118;139;2026-04-24T09:55:22.393Z;2026-04-22T12:18:00.834Z;1.90;RW938R5HPimVuSiB7ZuSlGuccqAZY_0;dodzvSrK3UtIKAMvcBUVOxfxojBZY
DISI80;70;2026-04-24T09:55:22.828Z;2026-04-22T12:18:00.834Z;1.90;RW938R5HPimVuSiB7ZuSlGuccqAZY_1;dodzvSrK3UtIKAMvcBUVOxfxojBZY
DISI23;80;2026-04-24T13:19:28.591Z;2026-04-22T10:45:18.415Z;2.11;xwAQxrqH46Cx7BZejYtMRe57EBMZY_0;XVDK1jBgJzIJiRsz4sdOI5SVsCBZY
NAN183;120;2026-04-23T07:34:38.279Z;2026-04-21T17:53:48.215Z;1.57;PfoQRuwQrrBybKLG13zh7ZJulqeZY_0;FUFJXCRGLNIWBouEPt01j9Ah7b7YY
MB65;125;2026-04-23T07:34:38.706Z;2026-04-21T17:53:48.215Z;1.57;PfoQRuwQrrBybKLG13zh7ZJulqeZY_1;FUFJXCRGLNIWBouEPt01j9Ah7b7YY
MB167;20;2026-04-23T07:57:25.312Z;2026-04-21T16:38:44.901Z;1.64;lYt1GJ15d6RW4W2JukWsckdCSGdZY_0;vvCYwA9st6qGtJS8uwuQYg9tadSZY
NR90;85;2026-04-23T08:00:34.751Z;2026-04-21T15:17:07.159Z;1.70;p4oHcnsyotpg9Ux7JxMOk9hNnXHZY_0;FkB3poyWQCmNLAINDt7kdrGJc1HZY
BRU107;150;2026-04-23T08:00:35.242Z;2026-04-21T15:17:07.159Z;1.70;p4oHcnsyotpg9Ux7JxMOk9hNnXHZY_1;FkB3poyWQCmNLAINDt7kdrGJc1HZY
PRI129;280;2026-04-23T08:00:35.696Z;2026-04-21T15:17:07.159Z;1.70;p4oHcnsyotpg9Ux7JxMOk9hNnXHZY_2;FkB3poyWQCmNLAINDt7kdrGJc1HZY
BRU123;70;2026-04-23T08:00:36.150Z;2026-04-21T15:17:07.159Z;1.70;p4oHcnsyotpg9Ux7JxMOk9hNnXHZY_3;FkB3poyWQCmNLAINDt7kdrGJc1HZY
NR124;240;2026-04-23T07:53:12.166Z;2026-04-21T15:00:42.971Z;1.70;hOVTGlgc9zChyRSUpYjoD2VLNtBZY_0;t6gmJg0m2ZN96S4osCRouALJ64dZY
MAZ128;75;2026-04-24T08:52:22.596Z;2026-04-21T14:28:05.740Z;2.77;HTEOYoBgpiHaszaPWAmW15NWauHZY_0;Vq22ZTcZLiLBOfdBflCU30jhBHCZY
PRI93;195;2026-04-23T07:38:31.702Z;2026-04-21T13:45:17.089Z;1.75;TT37pK4w17H5mtSOETYIGB8br06YY_0;jvDPoI0FPdGAFIGInwjr6CjlYgAZY
;140;2026-04-23T07:38:32.021Z;2026-04-21T13:45:17.089Z;1.75;TT37pK4w17H5mtSOETYIGB8br06YY_1;jvDPoI0FPdGAFIGInwjr6CjlYgAZY
TDO18;100;2026-04-23T07:18:28.234Z;2026-04-21T12:24:32.754Z;1.79;9sdZBxSUdvKDgAGuvxLR4XY4yN9YY_0;zzTCjpbhHC32rTvXknpieIzLba6YY
MIS70;160;2026-04-23T07:13:34.796Z;2026-04-21T12:09:42.370Z;1.79;5gmQxvroycpqvNdguJuIN4OzCoVZY_0;h21SCin2tgGpPgo98Gvb9TWKplKZY
NAN161;65;2026-04-23T07:56:11.298Z;2026-04-21T11:42:07.272Z;1.84;jp4sBbvosXDmV1ELi7W7q1krb47YY_0;VA3lFOxFMDIBmtJNosPhugw7kvAZY
TDO61;80;2026-04-23T08:03:18.487Z;2026-04-21T11:04:38.633Z;1.87;rHLv3alOdVk2zUwERw3PsHg2ioeZY_0;z5GAEkjlKP4Zt5amvBBFSEkthJKZY
MAZ100;75;2026-04-24T11:47:16.531Z;2026-04-20T15:48:27.887Z;3.83;jXrMYG7jtD5tfHTG8QNwi7Nbjz9YY_0;JwcIMWfpPpexSJyYQSyosn4h6MWZY
;140;2026-04-22T07:14:26.322Z;2026-04-20T15:30:10.587Z;1.66;9CuwRUaCsfnsQlVqvTs9lq0IdDIZY_0;pGziU8aBm4Dxq8Uc2VHZnn3ZhybZY
NAN185;65;2026-04-24T09:31:35.788Z;2026-04-20T14:10:51.785Z;3.81;NcXwdOfP5CpQmwzSfJLvKJZgb7cZY_0;lAFkCP93eQvIMkEYYJezyt1CbUdZY
CAM130;450;2026-04-22T07:07:30.357Z;2026-04-20T13:57:45.281Z;1.72;1K0iMhQo5xVXzzQvNhXvYcCZVOLZY_0;TvFeA82faPnUuqPS47c8IishOhAZY
;229;2026-04-22T07:53:25.322Z;2026-04-20T11:16:36.580Z;1.86;pgq41DvnwWKvz2FOj074AUiaQ7AZY_0;1kFPLtysujS0VdBGV30L2niYES9YY
MAKCHA;229;2026-04-22T07:34:34.246Z;2026-04-20T09:43:04.626Z;1.91;VOg7o3TpNi3lL3F10QgMb40v5dFZY_0;luCPcEkufp8Ti5rqKffjHNHczMXZY
CAM128;570;2026-04-24T10:51:10.396Z;2026-04-19T15:32:17.973Z;4.80;b3Xr5YAoF42gcHHDBcXV4yGVSRcZY_0;xuvDiYKF56REkR5MqKqJFFMmFrEZY
DISI34;55;2026-04-24T11:20:08.083Z;2026-04-19T15:30:37.885Z;4.83;fNpB81a7Ai1K1Pgo4ogVT19TK7aZY_0;DjTKQB5dCc1zw6RfHrR6wRFx1wBZY
CAM122;450;2026-04-24T11:20:08.599Z;2026-04-19T15:30:37.885Z;4.83;fNpB81a7Ai1K1Pgo4ogVT19TK7aZY_1;DjTKQB5dCc1zw6RfHrR6wRFx1wBZY
MB157;49;2026-04-24T10:45:21.756Z;2026-04-19T15:24:52.163Z;4.81;Za9TWvVJJk5HUQUg4xFx907Zm9CZY_0;h2dCUUpdvLzt5126kwJTXHgsBHFZY
NAN188;80;2026-04-21T07:22:26.860Z;2026-04-19T14:33:36.286Z;1.70;D98ri0gcx1I9VvMRc84jjBhnmtAZY_0;bpKpVxE8KosOsV5R8oNNp9Pz7kTZY
BRI10;14.99;2026-04-21T07:40:10.466Z;2026-04-19T14:32:46.945Z;1.71;PrAJdokgjNT0FFYGFdAbkdlPUQUZY_0;ZcyE1QP1EdGZIRQq0Ldp1NLXh3DZY
BRI11;14.99;2026-04-21T07:40:10.908Z;2026-04-19T14:32:46.945Z;1.71;PrAJdokgjNT0FFYGFdAbkdlPUQUZY_1;ZcyE1QP1EdGZIRQq0Ldp1NLXh3DZY
MAZ88;65;2026-04-21T07:20:30.709Z;2026-04-19T14:14:12.530Z;1.71;BMKoPSU5vlJhMGuEcaWpNpYsqvOZY_0;506Gpe7A1VKtsUQtfvIeBvmptZdZY
AIM72;235;2026-04-24T07:27:24.500Z;2026-04-19T13:54:08.061Z;4.73;3dxUk1i9m14yNt805X61TPxPB5SZY_0;VkpPeOmvpfnuU4gurF8YIrr9LcPZY
NAN182;55;2026-04-21T07:31:37.681Z;2026-04-19T13:52:33.137Z;1.74;JgE7sCI7qCGXqDxw4x0CDeWLqYBZY_0;daOlIHSrNyROhs2hB753Y9yKRXOZY
MAZ92;85;2026-04-24T08:16:22.740Z;2026-04-19T13:23:47.959Z;4.79;BYSzaL7lu3BU8YO1hAmvI181GUHZY_0;HDM9ZizmhwJ7YjmeOvRmKqsodpSZY
DISI81;65;2026-04-24T09:33:14.433Z;2026-04-19T12:38:32.466Z;4.87;NiWYE3NlSTHs2thHa3s71cOLrjRZY_0;nb2iclAlPjoa98YU1LtvYZLU5IWZY
AGE94;225;2026-04-24T09:33:14.849Z;2026-04-19T12:38:32.466Z;4.87;NiWYE3NlSTHs2thHa3s71cOLrjRZY_1;nb2iclAlPjoa98YU1LtvYZLU5IWZY
NAN128;160;2026-04-21T07:18:15.108Z;2026-04-19T11:59:52.587Z;1.80;9M9N5usTFtkqbwTFIipuXC7YgOUZY_0;lCygvIZ3HesAW8gf8UGfU05DPKPZY
MB166;30;2026-04-21T08:09:14.088Z;2026-04-19T11:56:59.646Z;1.84;nBrMNk80XVkPBapBWobviJeyceZZY_0;v3IR25nYI2HIuA2gVAlWXgo1ORJZY
IP24_BA08;80;2026-04-24T07:40:33.663Z;2026-04-19T11:27:16.871Z;4.84;5i9jb42XrAJgz0U7zuvoNPCwKKcZY_0;jbdBc2qDbLmNORPw7X2V9xfamuFZY
MAKDIO;229;2026-04-21T08:15:25.035Z;2026-04-19T10:04:18.393Z;1.92;rfL5VLGXeZ3S1yJwX8Cehm3oBAPZY_0;D12FxGtwILQWAo8onVNnJd6DWF8YY
PP152;95;2026-04-20T08:23:05.484Z;2026-04-18T17:47:02.412Z;1.61;dELIgQkYB0PPW5AKXJyQKA0aC1YZY_0;5I0ocrogchPolUxireneDfOHDIeZY
MAKCHA;229;2026-04-20T08:08:21.819Z;2026-04-18T17:19:18.050Z;1.62;VW0B9M0NUHf2nfyBIjhiqgCn7OcZY_0;nZrFSKcTuilqtNdriJEHlRZWM5CZY
AGE115;103.55;2026-04-20T07:43:16.258Z;2026-04-18T16:40:31.027Z;1.63;JCFnY1jM3WxPjnYMnr5e1acvYjbZY_0;tUNsgCSmy1EQc1TwRfRZn4LdknGZY
DISI19;99;2026-04-20T07:43:17.369Z;2026-04-18T16:40:31.027Z;1.63;JCFnY1jM3WxPjnYMnr5e1acvYjbZY_1;tUNsgCSmy1EQc1TwRfRZn4LdknGZY
DISI83;60;2026-04-20T07:43:17.803Z;2026-04-18T16:40:31.027Z;1.63;JCFnY1jM3WxPjnYMnr5e1acvYjbZY_2;tUNsgCSmy1EQc1TwRfRZn4LdknGZY
PRI128;145;2026-04-24T08:31:31.679Z;2026-04-18T16:24:48.067Z;5.67;Dn5RBxlSegax5dp0m0tXpuGCiSOZY_0;P9fXCbzcQRZ8zUSnyvtZE3pLbTGZY
DISI22;80;2026-04-20T08:54:10.367Z;2026-04-18T15:56:11.296Z;1.71;t8X8Tv0RstKMikEYuhIRrBC3GCFZY_0;NE3REmTxhs6SJgBm8asEKJa9CIcZY
FRU71;82;2026-04-20T08:54:10.858Z;2026-04-18T15:56:11.296Z;1.71;t8X8Tv0RstKMikEYuhIRrBC3GCFZY_1;NE3REmTxhs6SJgBm8asEKJa9CIcZY
NAN145;70;2026-04-20T08:51:10.162Z;2026-04-18T15:23:05.631Z;1.73;rNUyvcwzMj77oewto4egVzVxGsdZY_0;pAsiLt1oe3d4FIH4nrJropUApHNZY
MAZ85;75;2026-04-20T08:43:07.466Z;2026-04-18T14:22:36.679Z;1.76;nLGB89cWUuxoAJc1CHdzw0cNxzBZY_0;V0rsWecnkczt7ZVLVEJAvrTPDl8YY
BRU138;60;2026-04-20T08:21:20.299Z;2026-04-18T13:59:43.301Z;1.77;bpsnufchS3UyAXYl2Jg1LAxZe3SZY_0;zhYRVKCJtl3kbdjHewYSWXskwdOZY
DISI77;60;2026-04-20T08:21:20.744Z;2026-04-18T13:59:43.301Z;1.77;bpsnufchS3UyAXYl2Jg1LAxZe3SZY_1;zhYRVKCJtl3kbdjHewYSWXskwdOZY
BRI8;14.99;2026-04-20T08:21:21.172Z;2026-04-18T13:59:43.301Z;1.77;bpsnufchS3UyAXYl2Jg1LAxZe3SZY_2;zhYRVKCJtl3kbdjHewYSWXskwdOZY
MAKDIO;229;2026-04-20T08:21:21.834Z;2026-04-18T13:59:43.301Z;1.77;bpsnufchS3UyAXYl2Jg1LAxZe3SZY_3;zhYRVKCJtl3kbdjHewYSWXskwdOZY
DISI63;85;2026-04-20T09:07:15.879Z;2026-04-18T13:44:48.755Z;1.81;zVMR9mKl3paIxDqFY4UYlg5GB4ZZY_0;JyrF3OBRuP5MDIpq8cYL6BQxL4GZY
DISI36;65;2026-04-20T09:07:17.088Z;2026-04-18T13:44:48.755Z;1.81;zVMR9mKl3paIxDqFY4UYlg5GB4ZZY_1;JyrF3OBRuP5MDIpq8cYL6BQxL4GZY
BRI10;14.99;2026-04-20T09:07:17.524Z;2026-04-18T13:44:48.755Z;1.81;zVMR9mKl3paIxDqFY4UYlg5GB4ZZY_2;JyrF3OBRuP5MDIpq8cYL6BQxL4GZY
DISI75;65;2026-04-20T07:52:17.720Z;2026-04-18T13:41:12.073Z;1.76;NQl29f3pzkAOPuIT4cwXTIpxjRIZY_0;RiD0m6ZeeRSgnfUzWCIBwxa9OjcZY
DISI74;65;2026-04-20T07:52:18.841Z;2026-04-18T13:41:12.073Z;1.76;NQl29f3pzkAOPuIT4cwXTIpxjRIZY_1;RiD0m6ZeeRSgnfUzWCIBwxa9OjcZY
FR34;54;2026-04-20T09:01:26.685Z;2026-04-18T12:52:33.141Z;1.84;x2bayeTG3YKWNgQYEkP3GesZqE6YY_0;Rg0lEF40MsY8bFRoPk8xmtluMcIZY
PP183;170;2026-04-20T08:57:07.849Z;2026-04-18T12:12:25.339Z;1.86;tsjASIaueHMelHmS4heyTc4vNmVZY_0;nh5kpBJ7w63h1zkYOE3Xdo2M7fVZY
DISI60;70;2026-04-20T07:35:16.421Z;2026-04-18T12:08:09.200Z;1.81;FAJzJTFcaxtDhOItR8oK1uGkhOHZY_0;he1KBhX3XcjsU5RElbiKfFqXiuJZY
BRI11;14.99;2026-04-20T09:00:17.714Z;2026-04-18T11:21:08.923Z;1.90;vjyEzm1qwt4FW9WzwXah4br7mhPZY_0;DVa9mb4BFan7WnDCy7fi1vKBnLOZY
PP30;115;2026-04-24T08:58:29.476Z;2026-04-18T11:09:21.373Z;5.91;HxNlLl29iHAar8hWyD84DSvzDxRZY_0;bLlMgl9dWMFVYO4THdbyBDTXtMDZY
;229;2026-04-24T09:02:15.788Z;2026-04-18T11:08:05.729Z;5.91;JEU8tgBlMgcH9hdvUgqeyW1ukXTZY_0;JE8Lqt8vbo7VBqdPIc3pbIGf6dZZY
MAZ105;75;2026-04-24T07:59:19.137Z;2026-04-18T11:07:06.041Z;5.87;9CAv2nt2VOk3o3AU9aUT1tWrWe6YY_0;NiWr3NcimjQj0Kf2f1pahy8G8jSZY
NAN148;55;2026-04-20T08:52:14.738Z;2026-04-18T11:06:41.917Z;1.91;rfhec8YR8umfF8l1ULYGUlaLDYLZY_0;Rk25GzLbWsqkeIO4DP5dO1eSC1IZY
DICL9;110;2026-04-20T08:55:10.958Z;2026-04-18T10:33:33.645Z;1.93;tQ7HQYflkZ7ZEVTeIBh54h6acZMZY_0;ZuZZy70FtprrG9uild81uGk0eu9YY
PP229;130;2026-04-20T08:55:11.438Z;2026-04-18T10:33:33.645Z;1.93;tQ7HQYflkZ7ZEVTeIBh54h6acZMZY_1;ZuZZy70FtprrG9uild81uGk0eu9YY
PP308;260;2026-04-24T07:45:29.149Z;2026-04-18T10:14:33.917Z;5.90;77FzKbfqTWpquVHtsJNVggy7jvHZY_0;bFaEqLNwGszhX3aW16a7Hbgo0iHZY
PP219;85;2026-04-24T07:32:34.138Z;2026-04-17T14:34:28.998Z;6.71;54S2G431lJFXtj7Yn8HG3aYpbP7YY_0;1Uhp3Z0pX8Hy6VSCOxJmTZTZ5NEZY
BRI8;14.99;2026-04-24T10:03:17.101Z;2026-04-17T14:20:27.098Z;6.82;T9Gu4idM4ZI9l5Z4dA6LyNs2UwCZY_0;jn7bnc24wpAL2Wp39vcXD3Sll4RZY
BRI10;14.99;2026-04-24T10:03:17.534Z;2026-04-17T14:20:27.098Z;6.82;T9Gu4idM4ZI9l5Z4dA6LyNs2UwCZY_1;jn7bnc24wpAL2Wp39vcXD3Sll4RZY
DM365;160;2026-04-19T08:43:16.359Z;2026-04-17T14:01:35.118Z;1.78;z7TVqodWCRh2g3jaTtVcUFK7BkBZY_0;dk9cL6J5voQwuJEgQqxS418a3B7YY
MAZ119;115;2026-04-19T07:13:37.065Z;2026-04-17T13:58:59.382Z;1.72;54MxheHZ94Nk6MYEqnnq6FQah5QZY_0;NWiEDxpefnNNVATadYKaQb4nKvZZY
PV68;95;2026-04-19T07:13:37.553Z;2026-04-17T13:58:59.382Z;1.72;54MxheHZ94Nk6MYEqnnq6FQah5QZY_1;NWiEDxpefnNNVATadYKaQb4nKvZZY
NAN165;65;2026-04-19T07:29:25.405Z;2026-04-17T13:42:06.249Z;1.74;DzPns1cvDG80L5hOR86HpbPd9YNZY_0;py1ES0O6f5rGINaSLy5zXmI9w7JZY
IP133;90;2026-04-19T08:11:29.875Z;2026-04-17T12:07:30.736Z;1.84;fDmyuCi6spwtH4NNINe42RTsTLQZY_0;DFo8mCqVeVd4mEAcaKWnmc6n2PdZY
MAZ103;95;2026-04-19T07:47:21.017Z;2026-04-17T11:46:39.130Z;1.83;PbKwiRnYDI47YI3Ntek4KnYMkbPZY_0;tglLFn4hjXCc613X6tAyypFMBIZZY
BRI11;14.99;2026-04-19T07:47:21.486Z;2026-04-17T11:46:39.130Z;1.83;PbKwiRnYDI47YI3Ntek4KnYMkbPZY_1;tglLFn4hjXCc613X6tAyypFMBIZZY
MUS2;90;2026-04-19T08:31:17.030Z;2026-04-17T10:35:26.171Z;1.91;rLlzB1jqbdQdKwVCZQqIzJn1WHNZY_0;rXZlQXydXCopPrCwX4PSY2k54cJZY
FRU66;74;2026-04-19T08:01:28.217Z;2026-04-17T10:12:42.115Z;1.91;Z4immt9cj5ui85t9NK5dDksgJGXZY_0;l4lCINEcPJbs6kI1IABH5UopSEIZY
MAKDIO;229;2026-04-18T08:36:30.739Z;2026-04-16T17:57:54.313Z;1.61;f7MHyKnqobso6tny56YPzCCVBMJZY_0;V0LO66JeHCMB4W2sQNzQ0xDjjgeZY
AGE96;295;2026-04-18T07:37:19.377Z;2026-04-16T16:46:55.274Z;1.62;Dp82nvXjoG8pwqslUcbIjsvQYc7YY_0;ZaxyZNkviOKrJEOXoeQ8wCPBzV7YY
DM401;60;2026-04-18T08:14:28.652Z;2026-04-16T15:25:00.819Z;1.70;V4bgx5G991GAb5tbUV6HyGRAjTSZY_0;LZsodo9LgJUWos0NfsdNp0uSTUFZY
FRU98;1200;2026-04-18T08:40:36.286Z;2026-04-16T13:51:45.028Z;1.78;h2zSPDmhWqMdyT0M4oUnmMiKAqcZY_0;7Zq5xfFPn6yoAbqsr8rWOKdnK4UZY
PP300;190;2026-04-18T08:40:37.309Z;2026-04-16T13:51:45.028Z;1.78;h2zSPDmhWqMdyT0M4oUnmMiKAqcZY_1;7Zq5xfFPn6yoAbqsr8rWOKdnK4UZY
FRU100;89;2026-04-18T07:07:14.246Z;2026-04-16T13:31:31.330Z;1.73;10hEbnQItVf6dNARpWrjA7C6ACLZY_0;RyPIZxaOKs4WHMoevYoeLVVr3EFZY
PP270;115;2026-04-18T07:07:14.689Z;2026-04-16T13:31:31.330Z;1.73;10hEbnQItVf6dNARpWrjA7C6ACLZY_1;RyPIZxaOKs4WHMoevYoeLVVr3EFZY
NAN168;45;2026-04-18T08:57:22.076Z;2026-04-16T13:22:37.446Z;1.82;nlNaQA4hGLUiWWAmZsy95LfzN0BZY_0;9CGxHz3ahht4byX9RxgzqN8MIifZY
MAKCHA;229;2026-04-18T07:53:11.381Z;2026-04-16T13:11:17.320Z;1.78;LH3ZTipOWgFhr1d6gsQjgrw998VZY_0;nxhMVPUJ9h405quJ2KRqLYwO6aGZY
MAZ31;45;2026-04-18T08:08:29.459Z;2026-04-16T13:09:33.926Z;1.79;RinDnYDUvaFggS8jpmYII6e1fucZY_0;ZiJoiExwWesJxM3PThaZC1hHTGGZY
NAN172;80;2026-04-18T08:08:30.018Z;2026-04-16T13:09:33.926Z;1.79;RinDnYDUvaFggS8jpmYII6e1fucZY_1;ZiJoiExwWesJxM3PThaZC1hHTGGZY
TDO13;60;2026-04-18T08:55:19.606Z;2026-04-16T13:07:34.856Z;1.82;nH2q0t2HpLOFd5IAC10HO2V8LnEZY_0;5IKDKMPkmZgVHv6PZKCCp4eZKFdZY
DISI15;65;2026-04-18T09:24:30.607Z;2026-04-16T13:01:58.369Z;1.85;zrrHhZgWpHQgDMCcHd3wSXVCUAPZY_0;ThuusCBO7KAAUIeTBGKQ0xFVElYZY
DISI46;105;2026-04-18T09:24:31.068Z;2026-04-16T13:01:58.369Z;1.85;zrrHhZgWpHQgDMCcHd3wSXVCUAPZY_1;ThuusCBO7KAAUIeTBGKQ0xFVElYZY
PRI132;160;2026-04-18T07:33:22.550Z;2026-04-16T12:59:43.708Z;1.77;BudTMGICwS1Xc5VLmhf9gq13JYLZY_0;pEodM2lQZf67qx53qPE8TVZUWHCZY
AGE126;255;2026-04-18T07:33:22.994Z;2026-04-16T12:59:43.708Z;1.77;BudTMGICwS1Xc5VLmhf9gq13JYLZY_1;pEodM2lQZf67qx53qPE8TVZUWHCZY
MAKDIO;229;2026-04-18T07:39:27.453Z;2026-04-16T12:56:13.786Z;1.78;FIXoZrDiATf2Pz5WsaPC6l0Bz9HZY_0;BQAHtTuf1oASrBzcCe3hXFtM5tQZY
TDO63;90;2026-04-18T09:09:29.353Z;2026-04-16T10:35:11.423Z;1.94;tSGeLx51a2yCFAXnrDSQ2mmeMG9YY_0;BSpLV3m9a90BlD6r3bRUptrC4c8YY
TDO58;140;2026-04-18T09:09:30.268Z;2026-04-16T10:35:11.423Z;1.94;tSGeLx51a2yCFAXnrDSQ2mmeMG9YY_1;BSpLV3m9a90BlD6r3bRUptrC4c8YY
DM373;80;2026-04-18T09:09:30.803Z;2026-04-16T10:35:11.423Z;1.94;tSGeLx51a2yCFAXnrDSQ2mmeMG9YY_2;BSpLV3m9a90BlD6r3bRUptrC4c8YY
CAM123;380;2026-04-17T08:27:06.949Z;2026-04-15T16:24:33.363Z;1.67;fBNAxV6PTRoUBUw1ZFkrAOvO1CNZY_0;nTMn5IpZRSJJ1RGpQtA9Yj9EFK7YY
BRU105;75;2026-04-17T08:56:10.041Z;2026-04-15T13:33:28.085Z;1.81;tcXykY82O1h57oFP4VN6PpRdtzEZY_0;lwb7l5g1DhgDgRNGt3UmbEbUlV6YY
IP152;80;2026-04-16T07:35:32.639Z;2026-04-15T11:49:39.853Z;0.82;FsD7AFjUd1PkxtSK2QBS9TuTZ87YY_0;HrCi6EYhwuBYLXGDo4e4NDsg1mAZY
COZ169;75;2026-04-17T08:52:28.022Z;2026-04-15T11:02:04.299Z;1.91;rnvfySB54kvfoXmTC8YD7NE4ordZY_0;jfpo0wv2K02WdyMZOZBRwHJ6YQLZY
NR125;80;2026-04-16T07:36:06.868Z;2026-04-14T15:15:23.327Z;1.68;FuCe0WrRfa0mFGKvOYakXW1Nur8YY_0;NIxrD0GXrf6CAwgjyVywn83zOh6YY
DISI49;45;2026-04-16T07:36:07.337Z;2026-04-14T15:15:23.327Z;1.68;FuCe0WrRfa0mFGKvOYakXW1Nur8YY_1;NIxrD0GXrf6CAwgjyVywn83zOh6YY
PP276;110;2026-04-16T08:18:16.164Z;2026-04-14T14:09:47.339Z;1.76;dYzJ3jaSBO1MwauC0Az56HLuuUOZY_0;7tY1yzSUyC19fX2VFzygpwON0iMZY
PP296;80;2026-04-16T07:07:28.346Z;2026-04-14T14:02:23.324Z;1.71;1ABTYNuUTap9xf6ia8jTzhOblqYZY_0;FyQxWv78Wt1dHK71QYg0gVEplC7YY
NR97;400;2026-04-16T07:22:34.512Z;2026-04-14T13:08:40.592Z;1.76;9GcGhciSAJFh6D1EKFOOPn2ttqFZY_0;3LAnZRIM82EsYQkjzi5fNd6NEucZY
IP122;60;2026-04-16T08:14:05.694Z;2026-04-14T12:29:11.310Z;1.82;bNQaDTMTc8oTk2jmCIMmqjuWaFaZY_0;ZIm1GasKpgufY6Jzwge5ao57yMWZY
IP91;80;2026-04-16T08:14:06.828Z;2026-04-14T12:29:11.310Z;1.82;bNQaDTMTc8oTk2jmCIMmqjuWaFaZY_1;ZIm1GasKpgufY6Jzwge5ao57yMWZY
DM424;30;2026-04-16T08:47:34.145Z;2026-04-14T11:18:26.194Z;1.90;tcXkzrIAvrMQyztuzruJaOiohJHZY_0;tCo6gPUjP3S0wlf7nyceQdiM0rSZY
IP23_CO29;160;2026-04-15T08:11:32.305Z;2026-04-14T10:50:42.006Z;0.89;hIuLL9SmcIEOe4swu26AJdLaqGQZY_0;HJvphJqwDN6WUfHKdchVbBUCa9PZY
BRI10;14.99;2026-04-15T07:44:22.636Z;2026-04-13T17:58:11.989Z;1.57;PFLwFqyzPFQkuNmH8FshXVxlf9IZY_0;1k1Tdb4vU4puztrFhxGDvrYLIXKZY
MIS93;180;2026-04-15T07:29:13.310Z;2026-04-13T17:55:51.195Z;1.56;F4jmHFfZT1zsHSHuqCQoeFCFa06YY_0;t64eB9gBGiyFy6nq2unHZySVZeCZY
BRI10;14.99;2026-04-15T07:48:26.075Z;2026-04-13T16:11:56.149Z;1.65;RY442POibcOhqMOedyfg6jPD9yBZY_0;5KZsPowHHlKYuFlArBM8v94EO3PZY
BRI10;29.98;2026-04-15T08:31:19.174Z;2026-04-13T16:11:38.158Z;1.68;tszYqMiddOPSn48BTAWLUmq7ZJXZY_0;1Kasv4GG4QSwdIqoAztyNrPhdNJZY
AIM70;145;2026-04-15T07:40:23.456Z;2026-04-13T16:05:24.595Z;1.65;LrtfRCYUnfGKMdogpef1aB4TDZVZY_0;FEpFCuRgAUk9GhgOa2XSPd54vFfZY
DISI62;70;2026-04-15T07:12:36.783Z;2026-04-13T16:04:12.776Z;1.63;3dnbCR8erpDwrzhBFREzLyx7iJPZY_0;XBNorFtrEEx4mdbmHe8QFSUqhQeZY
AIM48;100;2026-04-15T07:52:14.968Z;2026-04-13T15:30:13.351Z;1.68;TlyUjZ3MEXhRk4i2fIFSDGjvsZQZY_0;peNx0ek96dQOQEi8xtZYg8mZ4zWZY
MB144;49;2026-04-15T07:52:15.479Z;2026-04-13T15:30:13.351Z;1.68;TlyUjZ3MEXhRk4i2fIFSDGjvsZQZY_1;peNx0ek96dQOQEi8xtZYg8mZ4zWZY
DISI59;75;2026-04-15T07:45:19.249Z;2026-04-13T15:25:56.025Z;1.68;PXAKpJHb5BdxRbiMrBCGtjNizCTZY_0;BKtlMzLuw636rRAmYm9m4DuBvgdZY
DISI57;75;2026-04-15T07:26:31.677Z;2026-04-13T15:22:02.215Z;1.67;DHtx6o8x65HnyG7cWuDdu1I900AZY_0;JaBIoUiNNpvb7CgH76zzha39tbMZY
DISI40;75;2026-04-15T07:09:24.816Z;2026-04-13T15:19:56.100Z;1.66;1ULXgMGVsZMdNOiO873twdP7C67YY_0;ta08HCCk6yN4rnkcp47E7HInLhVZY
IP22_BA09;120;2026-04-15T07:30:10.547Z;2026-04-13T15:15:51.387Z;1.68;FOEd9xdjLCFz817DeYt6Qbx1XUIZY_0;bLbNf14wchwRrvWIF0DopjQrjQcZY
RAS29;110;2026-04-15T08:24:20.784Z;2026-04-13T14:16:04.839Z;1.76;pWxifn1PBFOJ3qbFmUxR2JiiVuRZY_0;LBgQPD9qnuTNB3mDErTtqyEG3qWZY
NR117;150;2026-04-15T07:58:22.128Z;2026-04-13T13:59:29.468Z;1.75;XnUvaoouFLmc938YC6UGuxk4xqCZY_0;HPaplyHPIGolF8NpY5u8WJC48OWZY
CAM8;225;2026-04-15T07:36:11.303Z;2026-04-13T12:54:52.148Z;1.78;JMgW2L5MnV6dL6C5kP3JW90xpI7YY_0;zr3oon1Usf41ATNvoXS6K4DOM7CZY
TDO53;80;2026-04-15T07:38:24.057Z;2026-04-13T12:14:33.251Z;1.81;LF4KneeIwBUY1FSU9kyFdYUjFiBZY_0;hQWanvAyzKbi5ybWWkJqOcgPKWVZY
AIM65;235;2026-04-15T07:38:24.616Z;2026-04-13T12:14:33.251Z;1.81;LF4KneeIwBUY1FSU9kyFdYUjFiBZY_1;hQWanvAyzKbi5ybWWkJqOcgPKWVZY
AIM8;145;2026-04-15T07:38:25.074Z;2026-04-13T12:14:33.251Z;1.81;LF4KneeIwBUY1FSU9kyFdYUjFiBZY_2;hQWanvAyzKbi5ybWWkJqOcgPKWVZY
PV50;110;2026-04-15T07:51:07.906Z;2026-04-13T12:03:52.073Z;1.82;TLFG2irZVjffZ22aRXpKdpNTYOAZY_0;nFdZB2jCMHEa02yofCV45SmYPSWZY
;295;2026-04-15T07:51:08.476Z;2026-04-13T12:03:52.073Z;1.82;TLFG2irZVjffZ22aRXpKdpNTYOAZY_1;nFdZB2jCMHEa02yofCV45SmYPSWZY
AIM69;135;2026-04-15T07:51:08.705Z;2026-04-13T12:03:52.073Z;1.82;TLFG2irZVjffZ22aRXpKdpNTYOAZY_2;nFdZB2jCMHEa02yofCV45SmYPSWZY
SOI84;200;2026-04-15T07:51:09.178Z;2026-04-13T12:03:52.073Z;1.82;TLFG2irZVjffZ22aRXpKdpNTYOAZY_3;nFdZB2jCMHEa02yofCV45SmYPSWZY
CAM127;240;2026-04-15T07:09:25.392Z;2026-04-13T11:38:22.403Z;1.81;1YLYTBc1IkR1dZKeVPqt8tL9xeIZY_0;DnjxAjyPVAJ47sjoiVnQ0ntelROZY
AGE100;155;2026-04-15T07:43:22.554Z;2026-04-13T10:59:45.586Z;1.86;NsXmaki9AaudFRxYprYYucUTT45YY_0;Nu2AHzo6H9cOBKlNTa4xw9hFOXSZY
MB146;45;2026-04-15T07:36:29.380Z;2026-04-13T10:41:04.335Z;1.87;JcQyo8qSSDjrm6OBFQNr0UzyQ1TZY_0;HFP8gKRRZwzw8u8ZtteHRDKNz2BZY
DISI11;75;2026-04-15T07:11:36.622Z;2026-04-13T09:48:33.831Z;1.89;3FpS4IuBO7FU19lIZy20o1vP5tVZY_0;3VtF6hJ5dmDgwmDJKqNOkP6DEbMZY
AGE81;109;2026-04-15T07:11:37.081Z;2026-04-13T09:48:33.831Z;1.89;3FpS4IuBO7FU19lIZy20o1vP5tVZY_1;3VtF6hJ5dmDgwmDJKqNOkP6DEbMZY
IP125;120;2026-04-14T07:32:20.171Z;2026-04-12T16:42:57.778Z;1.62;DbtoerKmdZpyOeRRiNuzpE9dwjOZY_0;9wnSTWxdryoyAVEKb93QUQdGtBDZY
MAKGUC229;229;2026-04-14T07:32:20.855Z;2026-04-12T16:42:57.778Z;1.62;DbtoerKmdZpyOeRRiNuzpE9dwjOZY_1;9wnSTWxdryoyAVEKb93QUQdGtBDZY
PS145;1600;2026-04-14T08:29:28.114Z;2026-04-12T16:26:43.729Z;1.67;hOv2fI0XwkOnhqabtMZjPdPUodRZY_0;1MNJR4GLXSpfkCWbvkshPlxy5TcZY
DISI10;65;2026-04-14T08:07:22.185Z;2026-04-12T15:52:23.419Z;1.68;VcbzV8MtoXFtcQhuaiP9vGivhw8YY_0;9qUoiynkVGhdVKuQv6sPV7huDzWZY
DISI53;65;2026-04-14T08:07:22.523Z;2026-04-12T15:52:23.419Z;1.68;VcbzV8MtoXFtcQhuaiP9vGivhw8YY_1;9qUoiynkVGhdVKuQv6sPV7huDzWZY
MAKDIO;229;2026-04-14T09:00:08.434Z;2026-04-12T14:46:19.696Z;1.76;xEgJc1wPmj81SVCUPC11sQH2H4NZY_0;bJmRo6Y9wEP6knNUcblEKjYdpEHZY
;120;2026-04-14T08:50:06.963Z;2026-04-12T13:47:05.881Z;1.79;rbfAxQRtFExbTgpbrMdFprYw11XZY_0;3DQXMjnrGFWNpOfJeiZJ89AbQWTZY
PP238;135;2026-04-14T07:58:12.220Z;2026-04-12T12:52:43.318Z;1.80;REi2kHH8hfH3vMF0DTBsecSJ0fcZY_0;T58VVfcTYPxOfTVzDGRhlmRBcAOZY
NR110;35;2026-04-14T08:50:14.251Z;2026-04-12T12:51:25.744Z;1.83;rhAFQuFZNa4iZD1xeyAY7FVj78TZY_0;9uOSnRhFZU2USt257Rp40PwrtBEZY
CAM115;850;2026-04-14T08:55:24.384Z;2026-04-12T12:37:57.746Z;1.85;v5Juh0ppVacKab8s7gzYzHKMtsXZY_0;T3NkcblCoStRa3HPC5FTWWySLCOZY
AGE85;255;2026-04-14T08:47:17.991Z;2026-04-12T12:04:25.284Z;1.86;pwOyfx7GemAiFJLv3eCnW5siIgLZY_0;pWrMX1AXccosWKRK0guO56t7Si6YY
FRU97;85;2026-04-14T08:43:16.557Z;2026-04-12T11:30:39.971Z;1.88;ntlS5Res1soCwlVok9F3BtLaS9UZY_0;TZEDU4J7QSq06raNzGcTEQRKLUAZY
;229;2026-04-14T08:29:13.032Z;2026-04-12T11:27:13.095Z;1.88;hG9FqogMQgfvrY8SFexWgUJIMYSZY_0;DLjmNyATgS0QVkMz03REO2sQhkPZY
STRC25;140;2026-04-14T08:52:13.994Z;2026-04-12T11:06:06.678Z;1.91;tCiUdhHSTiV9Ho3QK3kCCV37MzZZY_0;xirIcoEFRuCiwJpyXfilrjn5Hq9YY
PP280;190;2026-04-14T08:08:06.193Z;2026-04-12T10:58:08.718Z;1.88;VmMNRjBIlz4TjHzzZZfiCN0NFjXZY_0;taQ422QZRk3KmLjLVA21IlhyvdCZY
DICL41;255;2026-04-14T08:08:06.531Z;2026-04-12T10:58:08.718Z;1.88;VmMNRjBIlz4TjHzzZZfiCN0NFjXZY_1;taQ422QZRk3KmLjLVA21IlhyvdCZY
PV10;190;2026-04-14T07:11:23.409Z;2026-04-12T10:57:10.742Z;1.84;3BHArs9IszMdbwRB9ZPZAMzMCQJZY_0;hgg1sXG49FlwyBJheBDxrkZPr4dZY
PP241;90;2026-04-14T07:59:14.634Z;2026-04-12T10:53:46.508Z;1.88;RWXmXEghqbFSL5a67ijZn3ncBqEZY_0;LFoJuZFrWUd7N7xER8Ybbpi9DbTZY
FRU57;185;2026-04-13T09:33:27.967Z;2026-04-12T10:51:45.874Z;0.95;pqthyfbyNDc9itNSAjHT3Qqfvq7YY_0;xqX8S7E7ZZYPQEQD5HBVI29gehRZY
IP215;60;2026-04-13T07:35:18.654Z;2026-04-12T10:39:51.206Z;0.87;9qOksa2TFkgpG54vVIrKl89tfqdZY_0;Z4m9Stdc8sp6RyXPim367JoJaUNZY
STRC4;140;2026-04-14T07:39:18.725Z;2026-04-12T10:16:30.338Z;1.89;HPem9O8c6KeA7t2K2WYeRB9DkPRZY_0;3Z3jx2nmnG0rvHotNwqs0S8W7cfZY
DISI18;99;2026-04-13T09:52:17.669Z;2026-04-11T17:58:16.132Z;1.66;xA0QOPQLmi2nf1btB8G1tVJaJBIZY_0;FeI6mN9RXsgROCoo3O2FwDalhsFZY
BRU162;80;2026-04-13T07:41:08.715Z;2026-04-11T17:14:42.777Z;1.60;Bs4ds59PhvZAVr0nFrwKYx0zXI9YY_0;FGQAcPGCKnhCVNAgSfPMIhhxMzKZY
DISI52;65;2026-04-13T07:16:05.647Z;2026-04-11T17:07:07.238Z;1.59;3PURy4795cUd9KyRz0yocH5TU1XZY_0;5gEC8tUgV6ZZW9rQlAWdXAzJJxUZY
DISI56;55;2026-04-13T07:29:25.828Z;2026-04-11T16:13:21.569Z;1.64;7p03sK9IvP8Vi6VZekxF7izJXp5YY_0;xGb17eVveteKfZLgdeWkqeuMbN8YY
PP295;120;2026-04-13T07:29:26.179Z;2026-04-11T16:13:21.569Z;1.64;7p03sK9IvP8Vi6VZekxF7izJXp5YY_1;xGb17eVveteKfZLgdeWkqeuMbN8YY
OKA12;150;2026-04-13T09:35:15.052Z;2026-04-11T16:10:39.325Z;1.73;r7ZzwEtMF92yQ3YTOePMWf2acFgZY_0;TnFgwQw5GC0dy4nszHyRy8gtFZFZY
PP265;840;2026-04-13T09:06:11.757Z;2026-04-11T15:55:03.759Z;1.72;fzq44narjoMACHRDCy54TRyW2cOZY_0;7pkQGuZGG0fF8wpeFmSgemsVAyCZY
NR105;120;2026-04-13T08:26:19.978Z;2026-04-11T15:17:42.239Z;1.71;RufiI9ui9b6S2prY1PFQfuAurPaZY_0;zRCKVg13lXmZnsZEPmqKBRuW5KCZY
NR80;190;2026-04-13T07:40:06.261Z;2026-04-11T15:12:44.598Z;1.69;Bezoppbe1FullxhqdDOVTq8tmSDZY_0;JOVb1JKZfEXLAiNzFQR2aPxqlr7YY
AGE55;295;2026-04-13T07:22:13.719Z;2026-04-11T14:09:02.161Z;1.72;5UShnQbfdvHzObv25XmgDaI9VsaZY_0;vdPd3NxPfJ4O9WXRDnlSGU9f0gOZY
ST186;65;2026-04-13T08:09:27.213Z;2026-04-11T13:56:49.582Z;1.76;Lx2wGRU5O9t20UljKzvY7IuIowCZY_0;nRJUf3pCHOVWY6s0G7YpHgziRqCZY
ST226;79;2026-04-13T08:05:27.656Z;2026-04-11T13:13:31.511Z;1.79;LFEmkHqClBqroUja8DpuviHnESNZY_0;pUuqB97nCk4GlolyQO49DqtncLJZY
NAN141;60;2026-04-13T07:46:28.463Z;2026-04-11T13:11:45.781Z;1.77;DtK0548EryBkJWqB4tOFcinLh6QZY_0;fdTHOUm26ZmN8gh4ANzFnjWes8EZY
NAN153;50;2026-04-13T08:55:15.721Z;2026-04-11T12:55:34.266Z;1.83;d4dCFX6ioVxWe8CWgkE6bsmyLXWZY_0;lQHvVp371GR23lVDbq1zVATyVn7YY
NAN149;55;2026-04-13T07:33:11.069Z;2026-04-11T12:44:59.481Z;1.78;9QnT8T2OgBwuSm1QGLks4UTOoePZY_1;vRJbIk6CzPbb8dlZCi99ugqIpDYZY
BRU126;125;2026-04-13T07:33:11.422Z;2026-04-11T12:44:59.481Z;1.78;9QnT8T2OgBwuSm1QGLks4UTOoePZY_2;vRJbIk6CzPbb8dlZCi99ugqIpDYZY
NAN136;70;2026-04-13T08:32:33.793Z;2026-04-11T12:38:19.537Z;1.83;V4TAFUNGpPdTLOgHowyvajrnFyRZY_0;BgkRLF7HOfuHSJ4QPBnuu5tK4QZZY
BRU158;58;2026-04-13T07:29:25.564Z;2026-04-11T12:28:44.913Z;1.79;7pElBteyXc80Zl7hApT8jBQK75GZY_0;T1YcHOePPocbDc4aSgOm9ptDKwFZY
DISI64;60;2026-04-13T09:26:29.430Z;2026-04-11T10:40:23.500Z;1.95;nboi6XaPKdWulP7F1DpVMjFXWAgZY_0;pm9N1BYk7OSm4BG2yxcQIW8Gcj6YY
PP286;80;2026-04-13T09:26:30.129Z;2026-04-11T10:40:23.500Z;1.95;nboi6XaPKdWulP7F1DpVMjFXWAgZY_1;pm9N1BYk7OSm4BG2yxcQIW8Gcj6YY